label,seed,model,n_train,method,std,sigma_rob_zero,sigma_rob_center,mae,mean_bias,median_bias,r2,n_test,train_r2
teff,0,lgbm_pixels,1000,clean,61.057971986523974,29.881008423825417,29.1369940237418,35.72032525807153,4.9935251225649235,3.480140914607773,0.9938802681418655,5000,0.9999779602018181
teff,0,lgbm_pixels,1000,bsn,87.46230944098677,59.51858384653411,58.06171428610513,60.190285323827204,8.908165114969734,6.748491014409183,0.9873969269636486,5000,0.9999779602018181
teff,0,lgbm_pixels,1000,boxcar,251.74927009339734,201.51107574107186,200.63469267413294,187.1426602583884,-31.82288404291572,5.62112796481324,0.8950037977518451,5000,0.9999779602018181
teff,0,lgbm_pixels,1000,savgol,257.8947506335742,206.26977254146996,204.92256748231264,191.29765629189168,-32.782986843347494,3.940023511353729,0.889795542104928,5000,0.9999779602018181
teff,0,lgbm_pixels,1000,noisy,376.2778126695011,348.17522840519024,339.3844516572105,295.52742944029717,-45.00096103101198,26.593948003789592,0.7658266604966002,5000,0.9999779602018181
teff,0,lgbm_pixels,3000,clean,43.752705878205084,17.926929439918254,17.740353947192368,24.455888302060433,-0.12145569358671136,0.898746693144858,0.9968784829630218,5000,0.9999707192473518
teff,0,lgbm_pixels,3000,bsn,78.64239331319838,48.618677365014335,48.17153511780603,53.039566635440664,3.524963016907931,2.477374150530295,0.989894969550496,5000,0.9999707192473518
teff,0,lgbm_pixels,3000,boxcar,240.5306940240568,182.01446816129194,181.94191075993047,175.23046764423253,-31.310897131810734,4.875844085795961,0.9040618932823503,5000,0.9999707192473518
teff,0,lgbm_pixels,3000,savgol,243.94117246232528,188.1239087903464,186.85560035938832,177.68133721405445,-32.429602728629824,4.9580796725017535,0.9012513782195855,5000,0.9999707192473518
teff,0,lgbm_pixels,3000,noisy,362.931859441582,324.43028231831966,319.7399077650399,280.65674166705867,-52.803362938852274,13.062279561785317,0.780669124868403,5000,0.9999707192473518
teff,0,lgbm_pixels,10000,clean,28.16157138187695,12.128620304561823,12.171268616905225,16.6566855555263,0.44766365791153667,0.7102816920823898,0.9987064714285074,5000,0.999854751013021
teff,0,lgbm_pixels,10000,bsn,73.4247479072339,42.72762877559251,43.162932631605315,48.71481716281545,4.2678824932741835,3.139358103403083,0.9911793152229941,5000,0.999854751013021
teff,0,lgbm_pixels,10000,boxcar,220.13702044173104,173.29604239050002,168.2003878256446,159.96711663194864,-16.350204990834275,16.378846954830806,0.9205437837570036,5000,0.999854751013021
teff,0,lgbm_pixels,10000,savgol,222.14166065245786,173.58674440655966,168.8464170502223,162.1506821455216,-16.47627079405404,16.79386483103758,0.9190913131652557,5000,0.999854751013021
teff,0,lgbm_pixels,10000,noisy,338.3949527338781,295.32140190761925,288.0687198910446,260.05494225371285,-37.3467943125417,28.00257757339773,0.8110015798373131,5000,0.999854751013021
teff,0,lgbm_pixels,30000,clean,22.357579039377935,10.68616024034316,10.633040730586275,13.679627535378211,0.10307285305739251,0.5984465071669547,0.9991848992199442,5000,0.9997138729812682
teff,0,lgbm_pixels,30000,bsn,71.05034202367823,41.988662858275646,41.74360466323489,47.202080364659054,3.7583893673445847,2.651343939038725,0.9917453550265422,5000,0.9997138729812682
teff,0,lgbm_pixels,30000,boxcar,210.91315373222363,161.3625572435476,158.8907887854002,152.6836707322368,-12.46765940333923,17.559769806470968,0.9272094873138778,5000,0.9997138729812682
teff,0,lgbm_pixels,30000,savgol,213.8917084954739,165.7062203674418,160.47283780844404,155.09774528466397,-11.199952635685909,17.783571292406577,0.9251951819665246,5000,0.9997138729812682
teff,0,lgbm_pixels,30000,noisy,321.0238354710904,278.108834605704,260.2931418882055,244.9352515582637,-33.79489305764839,34.70163995426287,0.8300921009669532,5000,0.9997138729812682
teff,2,lgbm_pixels,1000,clean,60.35721910252553,29.713375729511018,29.551431496802614,36.76987559786516,-0.5822862514115181,1.8959565990874125,0.9941580328784368,5000,0.9999822432223247
teff,2,lgbm_pixels,1000,bsn,87.83917182740225,60.43675344429184,59.95841246423818,60.986235145874964,3.5273580890209857,3.379955946919381,0.9876081404065745,5000,0.9999822432223247
teff,2,lgbm_pixels,1000,boxcar,246.44237746548043,200.42356283817932,199.71022623782898,183.48807126607105,-38.43246949377948,1.359792730457002,0.9002468241033877,5000,0.9999822432223247
teff,2,lgbm_pixels,1000,savgol,251.81347280922964,204.31710400307546,204.27629243505714,187.79169942143653,-39.56794604878818,-1.0720457691534193,0.8958136407668144,5000,0.9999822432223247
teff,2,lgbm_pixels,1000,noisy,383.96779474800536,358.10460965809483,357.6427883855034,302.01607035775504,-57.85828346343999,5.308439825525966,0.7582309699218529,5000,0.9999822432223247
teff,2,lgbm_pixels,3000,clean,40.36443702416093,18.06453876983024,18.250010689462396,24.036883703949524,-0.9542976640667117,0.6519912611997825,0.9973860292418515,5000,0.9999716528352917
teff,2,lgbm_pixels,3000,bsn,77.34918720191058,48.95236135721819,48.350900448812254,52.49931221529968,4.762156995747431,2.94121170612857,0.9903702539556931,5000,0.9999716528352917
teff,2,lgbm_pixels,3000,boxcar,232.94858490209887,182.6242825896494,182.07674715757662,170.59800575927525,-30.208471003376822,5.299594365050325,0.9115245025933442,5000,0.9999716528352917
teff,2,lgbm_pixels,3000,savgol,237.0462678370586,188.03450513514264,187.257140025509,173.77328839000648,-29.654883837372687,7.243385954791393,0.9084895384070667,5000,0.9999716528352917
teff,2,lgbm_pixels,3000,noisy,359.85039653549205,328.2193214786571,319.66333280581324,279.6756247693302,-51.30977348650714,14.062637465824082,0.7881418141602136,5000,0.9999716528352917
teff,2,lgbm_pixels,10000,clean,28.513572991609003,12.43861806568951,12.385541578933768,16.57798319392352,-0.4870930261097687,0.623961508332286,0.9986959619964654,5000,0.9998565607949044
teff,2,lgbm_pixels,10000,bsn,73.33221989032123,42.70534916925861,41.970658463534605,48.51160491346253,4.837340161985736,2.705057472071985,0.9913396473638924,5000,0.9998565607949044
teff,2,lgbm_pixels,10000,boxcar,221.6805455070036,174.85796482398734,169.79006365880304,162.42079797230576,-14.913192089052542,15.320526595884985,0.9208453445300806,5000,0.9998565607949044
teff,2,lgbm_pixels,10000,savgol,226.5046278852413,180.93841719743705,175.35789130056713,166.13616096211737,-16.109519667534038,15.607908357338147,0.9173190052971784,5000,0.9998565607949044
teff,2,lgbm_pixels,10000,noisy,346.89937945856065,309.6237354791936,298.09310142067255,267.9115927627415,-37.964408786578666,31.274630277372353,0.8047289269290928,5000,0.9998565607949044
teff,2,lgbm_pixels,30000,clean,22.004956374818164,10.270352603310522,10.283051212325878,13.506034299726878,-0.42018541704637763,0.44046679860275617,0.999223288753073,5000,0.999714818906387
teff,2,lgbm_pixels,30000,bsn,70.54086262615196,41.31621712929837,40.60727718815813,46.74759265355705,4.298535639891109,2.7846455929352487,0.9919914949116797,5000,0.999714818906387
teff,2,lgbm_pixels,30000,boxcar,211.85066394047254,168.32183160307093,163.12635108534894,154.52094882868684,-10.384827550591236,15.941764772656143,0.9278623106469288,5000,0.999714818906387
teff,2,lgbm_pixels,30000,savgol,215.89901579968634,170.30589597278734,163.79044650096964,157.03550417009188,-11.072997715226336,17.19211752331489,0.925061937740028,5000,0.999714818906387
teff,2,lgbm_pixels,30000,noisy,326.6196940329874,289.52785035848717,275.81088418599364,252.1970146963574,-31.331313887048005,29.873387571416515,0.8273673269541174,5000,0.999714818906387
logg,4,lgbm_pixels,1000,clean,0.7269247141891874,0.6801529616449673,0.6807223919705573,0.5678753942276027,0.00471065032636765,0.01310304838818066,0.6069047173153821,5000,0.999027966113624
logg,4,lgbm_pixels,1000,bsn,0.9634591037046044,1.0301628753453098,1.0233323550987747,0.7900397038166528,-0.00275948913749183,0.0244595507218357,0.30948859151875685,5000,0.999027966113624
logg,4,lgbm_pixels,1000,boxcar,1.0960979404638909,1.2218384749739555,1.213370554874848,0.9173303494879818,-0.16363582589982303,-0.18649508729422548,0.08636563128449892,5000,0.999027966113624
logg,4,lgbm_pixels,1000,savgol,1.0990851890793205,1.2161405967872068,1.205219676974157,0.9165249697080757,-0.158386333564859,-0.19237667170631223,0.08274510726207729,5000,0.999027966113624
logg,4,lgbm_pixels,1000,noisy,1.1660655565721365,1.3483269607264181,1.3240442917728732,0.9893180768854076,-0.20113593128795743,-0.22328449298956188,-0.04154923062896421,5000,0.999027966113624
logg,4,lgbm_pixels,3000,clean,0.48854932607920265,0.4059942239038325,0.4043443365145052,0.36249377007797445,0.0032329300594787177,-0.003875056105797192,0.8224434979419754,5000,0.9977186606307255
logg,4,lgbm_pixels,3000,bsn,0.8786451626425879,0.8850429831493681,0.8740480207892609,0.7040554922385615,0.0165834732834973,0.05018073016279456,0.42551003128685316,5000,0.9977186606307255
logg,4,lgbm_pixels,3000,boxcar,1.0661956087558324,1.1790772723264162,1.1477263978254875,0.8919697476086937,-0.18916484278140894,-0.23700771611068117,0.12776306539642024,5000,0.9977186606307255
logg,4,lgbm_pixels,3000,savgol,1.071474684193188,1.1760949031231915,1.1377560148780885,0.8940355045146625,-0.1891256615552591,-0.22705605622198477,0.11937950439882827,5000,0.9977186606307255
logg,4,lgbm_pixels,3000,noisy,1.1419692772996957,1.3501245211623476,1.311360912376737,0.9755331342006939,-0.21332808762325822,-0.24728483505898158,-0.003937474478445502,5000,0.9977186606307255
logg,4,lgbm_pixels,10000,clean,0.34908235262603027,0.260997768571006,0.26077314828500364,0.24544125123232624,-0.00016641073680154098,-0.0063660799269637525,0.9093523367205912,5000,0.9856500240036115
logg,4,lgbm_pixels,10000,bsn,0.8532045347792293,0.8037670743568075,0.7942468426917556,0.6722631191857914,0.011561428947974335,0.03959317353555747,0.4583898762887836,5000,0.9856500240036115
logg,4,lgbm_pixels,10000,boxcar,1.0720180184660753,1.100637784312205,1.0791078933084657,0.8737350751895144,-0.1469056538047271,-0.19001508759196262,0.12906671668687453,5000,0.9856500240036115
logg,4,lgbm_pixels,10000,savgol,1.0798613129847683,1.122249190802576,1.074078820781737,0.8783216504300558,-0.1478882952970423,-0.19044576052189277,0.116296220093134,5000,0.9856500240036115
logg,4,lgbm_pixels,10000,noisy,1.1481833121324185,1.3241812868427432,1.2705676504943915,0.9752500396130522,-0.24395638318020332,-0.2875472182335401,-0.024942259085368734,5000,0.9856500240036115
logg,4,lgbm_pixels,30000,clean,0.28959315151146453,0.22521654289386844,0.22394248509822154,0.2060130124757079,-0.003473552737503456,-0.008459038481094305,0.9376064382530734,5000,0.9709930139528969
logg,4,lgbm_pixels,30000,bsn,0.8440296039672314,0.7912335715530516,0.7880994269036266,0.6626595457483734,0.02204965435434765,0.03340274132006904,0.4697112907127641,5000,0.9709930139528969
logg,4,lgbm_pixels,30000,boxcar,1.0745022861517193,1.0862925502853622,1.0661619986417592,0.8648643147943319,-0.11844695003911188,-0.15750727630435268,0.13071742293106914,5000,0.9709930139528969
logg,4,lgbm_pixels,30000,savgol,1.082821970760339,1.0876791135663246,1.0711744876062164,0.8720373636225622,-0.12466589697937734,-0.16133956887005185,0.1162414685177765,5000,0.9709930139528969
logg,4,lgbm_pixels,30000,noisy,1.1506236851880636,1.3142792656062383,1.2739414475674808,0.9684734997977117,-0.1960790256419699,-0.24280882216827449,-0.013443578368916631,5000,0.9709930139528969
logg,2,lgbm_pixels,1000,clean,0.6951670544461865,0.6672972290466612,0.6682424191895738,0.5468900267130484,-0.021257902261444427,-0.0016856286828568212,0.6414737455329904,5000,0.9988528673572223
logg,2,lgbm_pixels,1000,bsn,0.9379164119027193,1.0142898358579033,1.0141125936330582,0.76642595307163,0.018586205967742887,0.03312598754584162,0.347717902453766,5000,0.9988528673572223
logg,2,lgbm_pixels,1000,boxcar,1.0742403695491012,1.216395332042799,1.207354887453605,0.9094445179432114,-0.23987981768768,-0.2498206154325744,0.10200786200023315,5000,0.9988528673572223
logg,2,lgbm_pixels,1000,savgol,1.0744846240434114,1.2114470163331845,1.2072383634623332,0.9074579573685578,-0.23543694458606787,-0.22984314587204713,0.10318410263258304,5000,0.9988528673572223
logg,2,lgbm_pixels,1000,noisy,1.1422819756917468,1.3468057058857086,1.3366582739039612,0.9839904626265101,-0.2883256824937717,-0.28441789970273357,-0.02874398891989194,5000,0.9988528673572223
logg,2,lgbm_pixels,3000,clean,0.4681827503609134,0.384463663249437,0.3845960794145933,0.34799801769191424,0.009831133180282234,-0.0022494491593307853,0.8374604889835866,5000,0.9976619937304657
logg,2,lgbm_pixels,3000,bsn,0.8769396079030708,0.8845990563710975,0.8810474038174064,0.7055599208397753,0.042034618745258205,0.057670807225276954,0.42868879652547376,5000,0.9976619937304657
logg,2,lgbm_pixels,3000,boxcar,1.05683574431844,1.148282259178237,1.1179277183324323,0.8811874588449544,-0.2244505945444598,-0.244057224782258,0.1348096440857358,5000,0.9976619937304657
logg,2,lgbm_pixels,3000,savgol,1.0584994049210958,1.144056034921468,1.1166538573725535,0.8807761869218393,-0.2220532120317014,-0.2386899461174905,0.1329946183747911,5000,0.9976619937304657
logg,2,lgbm_pixels,3000,noisy,1.1440723589600545,1.3208651575311752,1.3255558150903803,0.9797872779873985,-0.27400454071853764,-0.2851839254997641,-0.025809006020439673,5000,0.9976619937304657
logg,2,lgbm_pixels,10000,clean,0.33133389164705984,0.2595209758783522,0.25865168875165323,0.2382585753061795,0.0015989389804081885,-0.0011034883123635097,0.91862733976204,5000,0.9852316827817729
logg,2,lgbm_pixels,10000,bsn,0.854929598063977,0.8247709040850018,0.8202455950300434,0.6740210187899511,0.02220523355075908,0.04288271607246519,0.45788645077907264,5000,0.9852316827817729
logg,2,lgbm_pixels,10000,boxcar,1.066380559863604,1.0709522025579794,1.0644502150025108,0.8619013779569197,-0.14237489153372226,-0.17347145022334387,0.14210437169967227,5000,0.9852316827817729
logg,2,lgbm_pixels,10000,savgol,1.0711589051201358,1.0951575808160494,1.0682526611829684,0.8674950289460678,-0.14560549797791,-0.1750920775985758,0.1338442273808207,5000,0.9852316827817729
logg,2,lgbm_pixels,10000,noisy,1.1461495251904248,1.31332130016214,1.2804722620428202,0.9653142145538097,-0.1943634028635761,-0.21611893717347364,-0.0016871861762453033,5000,0.9852316827817729
logg,2,lgbm_pixels,30000,clean,0.28066627292133683,0.21371242768643076,0.2142849480346992,0.19910255624893244,0.0033300324652652193,-0.00356884765319454,0.9416046501388903,5000,0.9715531569684015
logg,2,lgbm_pixels,30000,bsn,0.8470191055359132,0.8055767860973195,0.8079335262428785,0.6659473912980958,0.025307230356031562,0.03040653370323443,0.46775620166609266,5000,0.9715531569684015
logg,2,lgbm_pixels,30000,boxcar,1.0777970846734077,1.0720317616094253,1.0674079103453977,0.8624184315358597,-0.11407947266321776,-0.13980473476390454,0.12933896289592894,5000,0.9715531569684015
logg,2,lgbm_pixels,30000,savgol,1.0798626907749589,1.0528404977476342,1.0540158202570231,0.8634783754169195,-0.11876897293915445,-0.14752741599411845,0.12522616696224098,5000,0.9715531569684015
logg,2,lgbm_pixels,30000,noisy,1.1544089810272775,1.2778665056565868,1.2671537641280963,0.964654022006818,-0.1792890371075825,-0.20065255713116814,-0.011596160625396035,5000,0.9715531569684015
teff,1,lgbm_pixels,1000,clean,60.7481312521628,31.203083909788816,30.761110144192084,37.12756293575718,3.257651331034958,3.849549814613056,0.9939112839023353,5000,0.9999650626285177
teff,1,lgbm_pixels,1000,bsn,87.16843236433046,60.42353747343697,60.212081236006895,60.88097697006399,5.700477992918302,5.2657077054141155,0.9874459281561031,5000,0.9999650626285177
teff,1,lgbm_pixels,1000,boxcar,248.0742218109253,194.87099437866667,192.2599556307028,183.7964944780524,-16.38875834779271,19.556582117042126,0.8983125454744016,5000,0.9999650626285177
teff,1,lgbm_pixels,1000,savgol,250.0152802251983,201.31323148468272,198.41000409319162,186.39340690536372,-17.53314203481507,17.495875979491302,0.8966580883310467,5000,0.9999650626285177
teff,1,lgbm_pixels,1000,noisy,380.033166834037,347.4114391710351,338.3430514132234,296.68453658013146,-35.89966505214488,27.431002477194397,0.7602746102811777,5000,0.9999650626285177
teff,1,lgbm_pixels,3000,clean,45.22849818773081,18.97790601558429,18.898731759935856,25.265945405716597,-0.11737304795019099,0.7191797487485019,0.9966345741150541,5000,0.9999685143488184
teff,1,lgbm_pixels,3000,bsn,79.0998972451592,49.151740542662814,49.44036128950133,53.68130723986717,3.2503866924279157,2.5823526729843707,0.9896890821458596,5000,0.9999685143488184
teff,1,lgbm_pixels,3000,boxcar,234.69536440461775,185.52848434664895,182.6674714975838,171.60832420350937,-18.090988104187044,13.48261514875253,0.9088420321496784,5000,0.9999685143488184
teff,1,lgbm_pixels,3000,savgol,236.70453479901937,184.91002270714463,182.98762599112297,173.30077236612007,-20.073895208810676,12.087244238105995,0.9071593443335128,5000,0.9999685143488184
teff,1,lgbm_pixels,3000,noisy,358.8596166576378,325.4656845640507,315.9076816519681,277.7075942752099,-34.833044250558316,29.555529578157802,0.7861375059892637,5000,0.9999685143488184
teff,1,lgbm_pixels,10000,clean,30.301099928849794,12.747441320966969,12.713769540256852,17.588534399552174,-0.3303249059466784,0.6820862208205654,0.998489289778449,5000,0.9998529332891786
teff,1,lgbm_pixels,10000,bsn,73.57191104309615,43.171472350951596,43.34945888217672,49.258545986249445,2.803389545147856,2.142023486675498,0.9910820106507933,5000,0.9998529332891786
teff,1,lgbm_pixels,10000,boxcar,221.21913078819665,169.88116395077083,165.76272180994272,159.65075625832478,-8.989210543487442,19.38734608342793,0.9193555197811161,5000,0.9998529332891786
teff,1,lgbm_pixels,10000,savgol,224.87890934043133,173.58625791111777,170.28500199866977,163.0149219722209,-9.010948127094432,20.349862431804695,0.916668926238302,5000,0.9998529332891786
teff,1,lgbm_pixels,10000,noisy,334.201557785703,296.12745272131065,279.708574517127,256.5015187910743,-28.532430430220657,33.616862428436434,0.8149096616329445,5000,0.9998529332891786
teff,1,lgbm_pixels,30000,clean,23.22203956557293,10.717413090843108,10.709103038894224,14.042463523077139,-0.26303283007066003,0.5805645029013249,0.999112702601329,5000,0.999714901404604
teff,1,lgbm_pixels,30000,bsn,72.05721852825393,43.733015200048605,43.40874197559275,48.38247764792986,2.6878502085214406,2.0370908965251147,0.9914459532174978,5000,0.999714901404604
teff,1,lgbm_pixels,30000,boxcar,211.84438963060998,164.60149622020015,160.95056386424193,154.02559396298057,-3.145365651929873,22.487115151010585,0.9261513714302806,5000,0.999714901404604
teff,1,lgbm_pixels,30000,savgol,214.69084067979367,166.5077604886433,164.6865159122544,156.30954871682943,-4.0413457874413155,23.51833348263108,0.9241433486620835,5000,0.999714901404604
teff,1,lgbm_pixels,30000,noisy,323.6313903804809,283.47728206358414,263.2806906796432,248.24396891033575,-18.200114954032,43.3295226223197,0.8271436292077841,5000,0.999714901404604
logg,0,lgbm_pixels,1000,clean,0.6903302995114852,0.6595493519249099,0.6577102521753457,0.5423816357138428,0.012720879569307932,0.014778260437526392,0.6433394288777259,5000,0.9992874274646188
logg,0,lgbm_pixels,1000,bsn,0.9485770335001809,1.0112451021908033,1.009401709945687,0.7738740069865876,0.009488140659868603,0.02022254027994852,0.3267405713115812,5000,0.9992874274646188
logg,0,lgbm_pixels,1000,boxcar,1.086019311371978,1.2023754000890097,1.197988887064665,0.8964514352524074,-0.057242475646643115,-0.08488663389935902,0.11514163879294592,5000,0.9992874274646188
logg,0,lgbm_pixels,1000,savgol,1.0918421529181244,1.2113286363061833,1.2098466943660307,0.9020830207791347,-0.05544038012409305,-0.07186836389546725,0.10580590618026531,5000,0.9992874274646188
logg,0,lgbm_pixels,1000,noisy,1.1483892044158945,1.337000040897337,1.3395821018149365,0.9646052883433457,-0.05444243989071351,-0.05527462387557747,0.011112329559711753,5000,0.9992874274646188
logg,0,lgbm_pixels,3000,clean,0.4705110365766656,0.37699305510461945,0.3790407258379179,0.34664761610059047,0.01775407927941889,0.005177699195562102,0.8341363058922097,5000,0.9976602070589589
logg,0,lgbm_pixels,3000,bsn,0.8842657919337343,0.8647430806094764,0.865780286791184,0.7035120923052776,0.029358618343970824,0.0514004969197539,0.41435033553660494,5000,0.9976602070589589
logg,0,lgbm_pixels,3000,boxcar,1.0848136135973634,1.1545785657466834,1.123541418911579,0.8921440445213237,-0.16485286788644188,-0.19486018448929343,0.0992190251504611,5000,0.9976602070589589
logg,0,lgbm_pixels,3000,savgol,1.0859175484483892,1.1532481117895468,1.117581492441962,0.8915460753047176,-0.16904772144073132,-0.1966343080169941,0.09637825884150641,5000,0.9976602070589589
logg,0,lgbm_pixels,3000,noisy,1.1500109832939907,1.3351487228292407,1.2960317406215613,0.9712320658224874,-0.1962094665240688,-0.22597903580450696,-0.01826163583283269,5000,0.9976602070589589
logg,0,lgbm_pixels,10000,clean,0.3400133254923512,0.25859665803022464,0.25732938737383704,0.2420493859710028,0.0005759556254707018,-0.005752729047765581,0.9135058159525152,5000,0.9845267164056968
logg,0,lgbm_pixels,10000,bsn,0.855456955163797,0.7989524978911418,0.8003109344101303,0.6683292699079201,0.011382103608591244,0.03435128146961386,0.4523955305123817,5000,0.9845267164056968
logg,0,lgbm_pixels,10000,boxcar,1.0728884268339023,1.1192641558063074,1.1001834005979998,0.8723816086753515,-0.13258310212753896,-0.1632271094263844,0.12565086845284534,5000,0.9845267164056968
logg,0,lgbm_pixels,10000,savgol,1.0765524366113486,1.1105953508873907,1.0717611618433303,0.8733651383726027,-0.1390770889461757,-0.17334287380333435,0.11843881966620651,5000,0.9845267164056968
logg,0,lgbm_pixels,10000,noisy,1.141037523098733,1.302132155591814,1.270991035257924,0.9594531263321745,-0.17153900150132123,-0.20633172258175136,0.003907175777982608,5000,0.9845267164056968
logg,0,lgbm_pixels,30000,clean,0.2891582051057804,0.21675172274018806,0.21901170319431057,0.20360830682182365,-0.0009812068538995503,-0.005438304061198274,0.9374438769138446,5000,0.9712666650606057
logg,0,lgbm_pixels,30000,bsn,0.8532084753560323,0.7916830538942333,0.7928608781185726,0.6658013337935843,0.01784214375727407,0.03268876706047297,0.4551286368096559,5000,0.9712666650606057
logg,0,lgbm_pixels,30000,boxcar,1.0824746374814584,1.0843152042291238,1.0755889895594746,0.8707172072121735,-0.11211710546719232,-0.15309460759962346,0.1139393921752615,5000,0.9712666650606057
logg,0,lgbm_pixels,30000,savgol,1.0816660863700716,1.0784011310952708,1.0640479583547795,0.869608877837848,-0.11806842637996792,-0.163011005422105,0.11422362549483078,5000,0.9712666650606057
logg,0,lgbm_pixels,30000,noisy,1.1432461232479354,1.2733268636463837,1.2590801692141482,0.9569613873877794,-0.1817594925117756,-0.20937053436433284,-0.0025688517791762067,5000,0.9712666650606057
logg,3,lgbm_pixels,1000,clean,0.7060138083777677,0.6914973164480225,0.691722371486133,0.5578189822975866,-0.02931222383598322,-0.021902765301160865,0.6296395847620729,5000,0.9989803146037618
logg,3,lgbm_pixels,1000,bsn,0.9444680598591558,1.0033407449764216,1.0106725266815646,0.7743154045499727,-0.0769812004476086,-0.04942072281190346,0.3339598081242553,5000,0.9989803146037618
logg,3,lgbm_pixels,1000,boxcar,1.0889646896407414,1.2005316402397612,1.1807764283873003,0.8988393878505528,-0.06035656897553853,-0.09984939509570567,0.1177129381555374,5000,0.9989803146037618
logg,3,lgbm_pixels,1000,savgol,1.096654557005535,1.2103606122106723,1.2040594822505886,0.9032646823023999,-0.05304810048147781,-0.09478977537461675,0.10586122897817773,5000,0.9989803146037618
logg,3,lgbm_pixels,1000,noisy,1.151064818385449,1.3209820673147188,1.318751677051576,0.9670881159485103,-0.04799581824852858,-0.09259295624766084,0.015526140301149849,5000,0.9989803146037618
logg,3,lgbm_pixels,3000,clean,0.4652576326776769,0.38111188588523703,0.38067235563940993,0.34568746833277453,-0.012660645535233286,-0.008381903673511437,0.8393211570548411,5000,0.997756451032463
logg,3,lgbm_pixels,3000,bsn,0.8770821495152623,0.8747475572110572,0.8732099198929021,0.6994882852527169,-0.039954539154409593,-0.01359205802661001,0.4282172510098753,5000,0.997756451032463
logg,3,lgbm_pixels,3000,boxcar,1.0681590032888568,1.1527419348102694,1.1023188560154256,0.8875387710341973,-0.21322136921735768,-0.26224064151868554,0.11998265631308436,5000,0.997756451032463
logg,3,lgbm_pixels,3000,savgol,1.0702415011052233,1.1556689247087415,1.09901965913134,0.8886199943081965,-0.21665288330605725,-0.2606880420985056,0.11558538901892912,5000,0.997756451032463
logg,3,lgbm_pixels,3000,noisy,1.1437343663847515,1.3326092761661177,1.2883426848370776,0.978345946317067,-0.27255108594168953,-0.303755855102708,-0.02538704460817809,5000,0.997756451032463
logg,3,lgbm_pixels,10000,clean,0.3374623979289333,0.25521059877453667,0.25622751481967526,0.2392089497917513,-0.002448660356936393,-0.005341030793334478,0.9155258464862048,5000,0.984991973446404
logg,3,lgbm_pixels,10000,bsn,0.8545137885813643,0.8189174593393775,0.8209977352608605,0.6720996863921606,-0.006971004767199625,0.009987829657115421,0.4583518572589651,5000,0.984991973446404
logg,3,lgbm_pixels,10000,boxcar,1.0537269925500994,1.1068073428788237,1.0492316257364436,0.863402484416985,-0.176270445430527,-0.21872090460233629,0.153372089138197,5000,0.984991973446404
logg,3,lgbm_pixels,10000,savgol,1.0540003086085052,1.1109336853393952,1.0601315891017176,0.8639579520761296,-0.18177591553793096,-0.23292264325577472,0.1514826693019975,5000,0.984991973446404
logg,3,lgbm_pixels,10000,noisy,1.1239545108907694,1.3072503745824244,1.2676062739850602,0.9552024894422291,-0.21932390538069557,-0.261295995024186,0.027302777495474717,5000,0.984991973446404
logg,3,lgbm_pixels,30000,clean,0.28399175054671033,0.21387014170915233,0.2146747114185009,0.20006620637890832,-0.0038963421083110816,-0.009629987171479004,0.9401666390792149,5000,0.970942828371013
logg,3,lgbm_pixels,30000,bsn,0.850661824888335,0.7934373668025954,0.7929094098782514,0.6656501393121491,0.0008825572812368676,0.013559441703833164,0.46325925939346735,5000,0.970942828371013
logg,3,lgbm_pixels,30000,boxcar,1.0726354665443631,1.102125837557801,1.0641147377979487,0.8678116008687664,-0.1414624853880796,-0.19336396659945265,0.13175293909165298,5000,0.970942828371013
logg,3,lgbm_pixels,30000,savgol,1.0717563700106683,1.0925150736346585,1.0460541904584966,0.8674945615307672,-0.1485590893703309,-0.21458216081590842,0.1316245882262429,5000,0.970942828371013
logg,3,lgbm_pixels,30000,noisy,1.1333354804515543,1.3172081689693278,1.26649969439358,0.9598894419638444,-0.21129859638002754,-0.2555684455866458,0.01415941978024915,5000,0.970942828371013
logg,1,lgbm_pixels,1000,clean,0.7062190566871064,0.6618870546497322,0.6623875730997311,0.555558706069537,0.05196716895969421,0.04995905696784808,0.6274175665483777,5000,0.9989502877600859
logg,1,lgbm_pixels,1000,bsn,0.9619713145039503,1.042870616454083,1.0291065717512853,0.7901622879952075,0.08548675393180546,0.08994896095959337,0.306991218818656,5000,0.9989502877600859
logg,1,lgbm_pixels,1000,boxcar,1.087061285273214,1.2184133060129079,1.2126261359234571,0.902344397247969,-0.08155565671635295,-0.11014657735717703,0.11703411145421472,5000,0.9989502877600859
logg,1,lgbm_pixels,1000,savgol,1.0906066130153902,1.2093526479122731,1.2127592395799884,0.9045163374659867,-0.07709725054964704,-0.10440833358247592,0.11182318516174494,5000,0.9989502877600859
logg,1,lgbm_pixels,1000,noisy,1.1558580312152151,1.3653904290902874,1.3571829580804624,0.9770743989309609,-0.08546170170116109,-0.10217719173820661,0.0018978686982835669,5000,0.9989502877600859
logg,1,lgbm_pixels,3000,clean,0.47558278934515674,0.39148032374874464,0.39052713278136664,0.3532467243213426,0.013735930402491396,0.004511680700884257,0.8318051689802308,5000,0.9977266689370605
logg,1,lgbm_pixels,3000,bsn,0.8838298628578852,0.8982646652208112,0.8920059765720084,0.7103115295136881,0.006986630969988775,0.029941538001549084,0.4195527826952111,5000,0.9977266689370605
logg,1,lgbm_pixels,3000,boxcar,1.0721651915076034,1.1519757248204738,1.1273631219819287,0.8840087236824394,-0.14581925136398732,-0.18947368870103176,0.1300756134820773,5000,0.9977266689370605
logg,1,lgbm_pixels,3000,savgol,1.0680525524063758,1.1459200186352105,1.1184905669426246,0.8820891266749048,-0.15115102944946462,-0.19333042035220316,0.13543912277022518,5000,0.9977266689370605
logg,1,lgbm_pixels,3000,noisy,1.1445261438722407,1.332663667495071,1.3176847433343348,0.9718218954023706,-0.17610424177511366,-0.2272378041878651,0.0036504155431777985,5000,0.9977266689370605
logg,1,lgbm_pixels,10000,clean,0.34879562661697433,0.2670752818590917,0.2666299682637784,0.24797740666600976,-0.00031099362317096445,-0.0016337383258973048,0.9096057802935659,5000,0.9853272503677495
logg,1,lgbm_pixels,10000,bsn,0.8689601155912031,0.846468615934405,0.8462040134508219,0.6867269319311752,-0.001607093522786794,0.005058890212469747,0.4389527666225258,5000,0.9853272503677495
logg,1,lgbm_pixels,10000,boxcar,1.0633298110720228,1.1196849311669963,1.0739162846822423,0.8745561325677194,-0.16500807357459457,-0.21933965798192356,0.1396631227294287,5000,0.9853272503677495
logg,1,lgbm_pixels,10000,savgol,1.0623599771510714,1.1212925328500263,1.0809771326027944,0.8738217225123468,-0.16909855769149354,-0.22975691999929304,0.14017945073953264,5000,0.9853272503677495
logg,1,lgbm_pixels,10000,noisy,1.1348439087854458,1.320614695997862,1.2763222884815988,0.9747052586872489,-0.28893202331605256,-0.3341733647204732,-0.018936988167821633,5000,0.9853272503677495
logg,1,lgbm_pixels,30000,clean,0.29066508200354946,0.22390448872301413,0.22403353881106605,0.2057539245989349,0.0013273554445608251,0.0029762687444430114,0.9372240874077177,5000,0.9710717317760362
logg,1,lgbm_pixels,30000,bsn,0.8537520457296461,0.81111921364731,0.8159630723042167,0.6714575336563519,0.011024406071859024,0.011794565761707787,0.4583307556871471,5000,0.9710717317760362
logg,1,lgbm_pixels,30000,boxcar,1.0878733812284649,1.1004208500481747,1.0803405559403352,0.8755637393795157,-0.12344028621012285,-0.1636880152960445,0.10934208524002897,5000,0.9710717317760362
logg,1,lgbm_pixels,30000,savgol,1.085335411675783,1.1136815189124996,1.0641004015292403,0.87531604570952,-0.1239450109373288,-0.1929284664171229,0.11334744476576519,5000,0.9710717317760362
logg,1,lgbm_pixels,30000,noisy,1.1525351542377684,1.3207255349140543,1.2915216721765175,0.9693483309847405,-0.18210177248411308,-0.2266927460382564,-0.011615251967475482,5000,0.9710717317760362
teff,3,lgbm_pixels,1000,clean,68.3376343674931,33.16453755895168,32.38735712798848,40.551205384124685,0.46172606455002485,3.4433234203258962,0.9923715215546611,5000,0.999980998534413
teff,3,lgbm_pixels,1000,bsn,91.72134229083466,62.178231081413266,61.70164803749591,63.55342070557468,3.7743876405020687,5.6183777567057405,0.986235075941661,5000,0.999980998534413
teff,3,lgbm_pixels,1000,boxcar,252.88726835910984,204.9309621720295,203.78965525432517,187.69909582753772,-19.366182036973623,14.77237014500497,0.8949268757395497,5000,0.999980998534413
teff,3,lgbm_pixels,1000,savgol,257.9635041425458,206.93819983350662,203.6847843247617,190.8344863567866,-21.00600652697022,11.186152095031275,0.8905829514004596,5000,0.999980998534413
teff,3,lgbm_pixels,1000,noisy,371.1843563124702,350.6415361159287,342.3583017443963,291.2079631685459,-30.64101900335653,29.015086351862237,0.7734171892008558,5000,0.999980998534413
teff,3,lgbm_pixels,3000,clean,47.27692157901443,18.895654804807393,18.865555518020383,25.897315967447113,1.0594341606283824,1.7026724891134108,0.9963472947371202,5000,0.9999688295428505
teff,3,lgbm_pixels,3000,bsn,78.54040845810779,48.06456055825828,47.87805688971917,53.03986946205564,4.405512071357969,4.363285598554285,0.9898923819342541,5000,0.9999688295428505
teff,3,lgbm_pixels,3000,boxcar,243.55688587464337,183.7769804544589,181.5229081918866,176.05775095883203,-23.58766857925645,9.424375768428263,0.9021967190217425,5000,0.9999688295428505
teff,3,lgbm_pixels,3000,savgol,244.58500230994224,189.62521458923166,188.78686880752616,178.79976746384295,-23.641879874531092,8.87957138942329,0.9013727770929949,5000,0.9999688295428505
teff,3,lgbm_pixels,3000,noisy,366.0114336189511,331.11226110205484,323.5566251924168,283.5813669839818,-43.851718567431284,18.988246723020666,0.7780387190130728,5000,0.9999688295428505
teff,3,lgbm_pixels,10000,clean,31.528201818724206,12.898599854473403,12.60103731420896,17.603647284187993,0.3298822391310939,0.9676788093652249,0.9983761565331235,5000,0.9998536561689757
teff,3,lgbm_pixels,10000,bsn,73.47864624641524,43.605332549276284,43.45309980012551,49.01193438618221,2.9993793112051206,2.5185404551043575,0.9911662816037395,5000,0.9998536561689757
teff,3,lgbm_pixels,10000,boxcar,217.20909630483152,172.81281932702692,169.0732316820649,159.28707935021882,-13.487109301115133,16.703508391289006,0.9226384004919083,5000,0.9998536561689757
teff,3,lgbm_pixels,10000,savgol,221.0276999410885,171.293041277976,167.82625999514738,161.3155919504202,-15.401274252577045,15.49411807491606,0.9198146238080285,5000,0.9998536561689757
teff,3,lgbm_pixels,10000,noisy,331.76518096238715,292.6818214680744,281.75617397770947,256.73954038788014,-36.610879127508284,32.00779679216839,0.818022995788138,5000,0.9998536561689757
teff,3,lgbm_pixels,30000,clean,23.51306584234854,10.806084858188445,10.679320486100346,13.97183397235953,0.15158043961034892,0.7487543375232235,0.9990969021987777,5000,0.9997124377405359
teff,3,lgbm_pixels,30000,bsn,71.20229313195094,42.89377127291936,42.607326144546725,47.39965444547394,3.5198142760543285,3.0117787723584115,0.9916986986936309,5000,0.9997124377405359
teff,3,lgbm_pixels,30000,boxcar,207.73605181905373,163.50561714465823,157.6567550865465,152.10666642026123,-4.555565314177911,18.54559887435903,0.9294770017570886,5000,0.9997124377405359
teff,3,lgbm_pixels,30000,savgol,212.29806998610817,167.06900876080365,162.403928098294,155.28891059667282,-7.062116827178653,20.112161981632198,0.9262994687187056,5000,0.9997124377405359
teff,3,lgbm_pixels,30000,noisy,320.5505826084811,289.9438974023237,269.40111866615825,248.27736663658297,-18.645763692330313,46.74103841323381,0.8315937070682636,5000,0.9997124377405359
teff,4,lgbm_pixels,1000,clean,56.52961153426461,31.61848886359821,31.49450019301289,35.48818951029371,-1.530286404520265,1.7187261864460197,0.994778626878021,5000,0.9999820566389277
teff,4,lgbm_pixels,1000,bsn,85.3835441060816,61.96852466022529,61.28715966980116,60.16475446446056,5.047817859710294,7.345706508722742,0.9880552188785252,5000,0.9999820566389277
teff,4,lgbm_pixels,1000,boxcar,235.6147745040742,187.86376938454356,186.47825377632515,174.67070414038335,-28.89747134261814,7.220342827073637,0.9079966219126443,5000,0.9999820566389277
teff,4,lgbm_pixels,1000,savgol,238.2330039758962,195.34222679448993,192.74582149314773,177.03634823634647,-30.06615770678086,8.482126204982706,0.9058584756812642,5000,0.9999820566389277
teff,4,lgbm_pixels,1000,noisy,365.6162333133477,343.8501094351549,338.8821517138613,287.40822941260615,-52.56294546681952,13.057512394268315,0.7772333220356694,5000,0.9999820566389277
teff,4,lgbm_pixels,3000,clean,41.12166261945581,18.75217561323247,18.738001877260277,24.272249609926302,-1.6180989658867402,0.516998997441533,0.9972347917914943,5000,0.9999680725845654
teff,4,lgbm_pixels,3000,bsn,77.75213464049382,49.488273014978475,49.17659515967766,52.20321495156537,3.391902286245939,3.595598553642276,0.9901107136951239,5000,0.9999680725845654
teff,4,lgbm_pixels,3000,boxcar,228.71881542770146,182.72083495079062,179.47981296329735,167.88471398803358,-23.285201465248015,10.088255328501873,0.9137028343166492,5000,0.9999680725845654
teff,4,lgbm_pixels,3000,savgol,233.60610937252335,182.36307740297738,182.26587744828944,171.42988503028488,-25.105408063352165,9.623897323692972,0.9098698375803107,5000,0.9999680725845654
teff,4,lgbm_pixels,3000,noisy,349.47037643031393,311.9146674062018,307.8524645324485,270.6203890511905,-50.4766789220563,12.094378936273415,0.796435304409232,5000,0.9999680725845654
teff,4,lgbm_pixels,10000,clean,28.284465944334606,12.49578519466593,12.468362183512026,16.685270636936114,-0.39726725505865995,0.35529215108067547,0.9986935396934932,5000,0.9998639504395845
teff,4,lgbm_pixels,10000,bsn,72.76374070130477,42.36425486959189,41.92752927650223,47.48887157768711,2.983077750815697,2.2286939144571534,0.9913408763172565,5000,0.9998639504395845
teff,4,lgbm_pixels,10000,boxcar,218.37491433997482,174.0840246615398,168.59267190349377,159.604849556511,-12.633980321589124,16.587794666405443,0.9218783688543409,5000,0.9998639504395845
teff,4,lgbm_pixels,10000,savgol,221.09020646492544,173.50022379419818,170.4180310745765,160.98989950747145,-13.777708843198111,13.878733466063295,0.9198807488638376,5000,0.9998639504395845
teff,4,lgbm_pixels,10000,noisy,330.7889524561711,292.9214572619757,283.14259410554865,255.0141721760804,-40.23988889866866,28.72689606700669,0.8187006248275985,5000,0.9998639504395845
teff,4,lgbm_pixels,30000,clean,21.792522923558142,10.396176617270433,10.501963777552728,13.437846885029867,-0.30209994609743945,0.5096095287933622,0.9992244441816923,5000,0.9997197573496744
teff,4,lgbm_pixels,30000,bsn,71.2569595143237,41.485915249350946,41.18141422443955,46.50110722351502,4.196950539269438,2.740613628488518,0.9916809611485694,5000,0.9997197573496744
teff,4,lgbm_pixels,30000,boxcar,206.24339234400537,159.1985787171893,155.9575782567745,150.04443556072056,-7.732369440670468,19.788404340294164,0.930451992197018,5000,0.9997197573496744
teff,4,lgbm_pixels,30000,savgol,209.43754374517442,160.8541929239125,160.5273928774714,151.96338479280155,-9.344947391506993,18.04043532675655,0.9282391744247565,5000,0.9997197573496744
teff,4,lgbm_pixels,30000,noisy,315.7846837959667,279.5539296229288,267.98284511026924,243.3279866567673,-32.29368150998643,34.47429633718389,0.8354813933965616,5000,0.9997197573496744
mh,0,lgbm_pixels,1000,clean,0.24531874720530847,0.18110389532377089,0.17978742437763187,0.1709258239397275,-0.012383116752866113,-0.007210964110402673,0.9306387558968654,5000,0.9995611400979021
mh,0,lgbm_pixels,1000,bsn,0.40374959879036604,0.36140894189325506,0.35692030289955445,0.3127159930204281,-0.07984337087351737,-0.066635983578596,0.8052691916834531,5000,0.9995611400979021
mh,0,lgbm_pixels,1000,boxcar,0.7945622162336787,0.8972369352905423,0.9192754432100506,0.786319470798373,0.6154436288615076,0.5189593569605462,-0.1612202111510379,5000,0.9995611400979021
mh,0,lgbm_pixels,1000,savgol,0.7940676131328644,0.8918381035200512,0.9255361833797274,0.7906304618384989,0.6239681978667361,0.5248073612416853,-0.1724630560691407,5000,0.9995611400979021
mh,0,lgbm_pixels,1000,noisy,0.8581196993654349,1.0834410194425295,1.034705294532577,0.914873594003548,0.7675228718146522,0.6924619123457745,-0.5237618854439712,5000,0.9995611400979021
mh,0,lgbm_pixels,3000,clean,0.18311197732039952,0.13340973612590826,0.13204500204401803,0.12745267947571287,-0.010824717236166962,-0.007823040780012835,0.9613189034252569,5000,0.9996048472603825
mh,0,lgbm_pixels,3000,bsn,0.3833231537608613,0.34500656638512367,0.34111938702455336,0.2982922659097424,-0.07926061144800937,-0.06893485117762493,0.8238581626044053,5000,0.9996048472603825
mh,0,lgbm_pixels,3000,boxcar,0.7725692960074999,0.8479554735209006,0.8648386318159357,0.7688958407928942,0.6286850736816709,0.5131581872284157,-0.14053674528559257,5000,0.9996048472603825
mh,0,lgbm_pixels,3000,savgol,0.7726372566077762,0.8570615707979324,0.8706784847847476,0.7753676438144718,0.6394990953441029,0.523068216013366,-0.1564234064347616,5000,0.9996048472603825
mh,0,lgbm_pixels,3000,noisy,0.8329026118201589,1.067000208194995,1.0078953632365928,0.9072870391588087,0.7829575062763067,0.7013226496424929,-0.5022509044249981,5000,0.9996048472603825
mh,0,lgbm_pixels,10000,clean,0.13080160069972674,0.09523245563811862,0.09515893563713954,0.09025418794253522,-0.003894198781636922,-0.006914607498174519,0.9803138353232591,5000,0.9977167686260792
mh,0,lgbm_pixels,10000,bsn,0.37144255815279104,0.3184845078701364,0.30981990674579274,0.28450314064360344,-0.082420039787449,-0.06762794111559206,0.8335795427224959,5000,0.9977167686260792
mh,0,lgbm_pixels,10000,boxcar,0.7710038630297444,0.8845469765345833,0.8625285154292637,0.7901529122232045,0.680247268388218,0.560609597307,-0.21534763659971068,5000,0.9977167686260792
mh,0,lgbm_pixels,10000,savgol,0.7720541762751486,0.8996969869205103,0.862800875614392,0.799907854765769,0.6969707517473651,0.5872127864848304,-0.24368846551257017,5000,0.9977167686260792
mh,0,lgbm_pixels,10000,noisy,0.8273082178138861,1.1807569526922983,0.9921138197391115,0.9589905380041251,0.8780753408777558,0.7951124490210382,-0.673204658306543,5000,0.9977167686260792
mh,0,lgbm_pixels,30000,clean,0.10350824090914004,0.08351906381535881,0.08316316432739647,0.07424913464927523,-0.0005183998984553876,-0.003040713731234934,0.9876828288908752,5000,0.9952661659594784
mh,0,lgbm_pixels,30000,bsn,0.3703847316452444,0.30828567121698436,0.30863030363331095,0.28154876332707407,-0.08276125505371147,-0.06253577100272083,0.8344168745889358,5000,0.9952661659594784
mh,0,lgbm_pixels,30000,boxcar,0.768928198324751,0.8986636569580368,0.8460154445899558,0.8008183834494368,0.7081864913225527,0.5809509517145737,-0.2562684098070993,5000,0.9952661659594784
mh,0,lgbm_pixels,30000,savgol,0.7664581258872158,0.9204166710921645,0.8528521741943982,0.8080050581006831,0.7237851205103133,0.6018050602513054,-0.2775870829984455,5000,0.9952661659594784
mh,0,lgbm_pixels,30000,noisy,0.8223058977412124,1.290330079178285,0.9689604324866838,1.0061415694483498,0.9556836652011945,0.8703157150804567,-0.8273247903665957,5000,0.9952661659594784
mh,2,lgbm_pixels,1000,clean,0.23258122490070723,0.17789763090060412,0.17648176335311436,0.1673520719073832,-0.030352676314848042,-0.02202572553053772,0.9386880918120274,5000,0.9996522658716266
mh,2,lgbm_pixels,1000,bsn,0.3910383060925837,0.3530549032217917,0.3507338123756994,0.30448493853606334,-0.07616249891977424,-0.06714343921822552,0.8231234916232482,5000,0.9996522658716266
mh,2,lgbm_pixels,1000,boxcar,0.7974054418449191,0.8405899815562548,0.9078544943506803,0.7611041127488882,0.5718368487123907,0.45770251909606197,-0.07305298277268157,5000,0.9996522658716266
mh,2,lgbm_pixels,1000,savgol,0.7982462713738299,0.8438338094294214,0.9038131649424205,0.7668441635280872,0.5830143333141972,0.46560281438177487,-0.08893392245539822,5000,0.9996522658716266
mh,2,lgbm_pixels,1000,noisy,0.8598067124428256,1.0112536962998222,1.047013661066518,0.8796187611123499,0.6970707313707352,0.6187919360795064,-0.36539859626056237,5000,0.9996522658716266
mh,2,lgbm_pixels,3000,clean,0.17979323834428737,0.12874848652270707,0.12831437694729453,0.1239524872542205,-0.007716310118498241,-0.005517313305276161,0.9639083138452469,5000,0.9995518315258773
mh,2,lgbm_pixels,3000,bsn,0.38293102948810004,0.32740343119846554,0.3244051959386131,0.2922803852798105,-0.06352147957033134,-0.04828321935943769,0.832084275638865,5000,0.9995518315258773
mh,2,lgbm_pixels,3000,boxcar,0.7904283643739201,0.8622063498482937,0.890468107339019,0.7936723779232909,0.6594897491966119,0.535438017754923,-0.1809886441979458,5000,0.9995518315258773
mh,2,lgbm_pixels,3000,savgol,0.7909581337758457,0.859332862129542,0.8847235531263248,0.7984340595986107,0.6706618350859873,0.5383921075840243,-0.19848368391835147,5000,0.9995518315258773
mh,2,lgbm_pixels,3000,noisy,0.8519151580882157,1.1185937264635852,1.0462690134107504,0.9423733438649655,0.8314739012060592,0.7481892186345599,-0.5792987673173606,5000,0.9995518315258773
mh,2,lgbm_pixels,10000,clean,0.12688964747997794,0.0943649119195221,0.09430094760693034,0.08907043140113478,-0.0008943815097924501,-0.002774135880036721,0.9820553407161137,5000,0.9976991699323386
mh,2,lgbm_pixels,10000,bsn,0.3739566650732033,0.3141675097014665,0.3115940903470054,0.2835260477902105,-0.06665165732242201,-0.05204679237585143,0.839200184655122,5000,0.9976991699323386
mh,2,lgbm_pixels,10000,boxcar,0.793794227248355,0.8901267196193375,0.8836139308044426,0.8184312607341079,0.7185082144142535,0.5845452884626896,-0.2775665855703322,5000,0.9976991699323386
mh,2,lgbm_pixels,10000,savgol,0.7938421527494184,0.8987269473780369,0.8805113189251258,0.8275868726062879,0.7342588177792799,0.5912903016553672,-0.3031522189767928,5000,0.9976991699323386
mh,2,lgbm_pixels,10000,noisy,0.8512550012398238,1.2574285112496224,1.0304216585619588,1.0096220099513662,0.9447700025887976,0.8481239115402823,-0.802319669533335,5000,0.9976991699323386
mh,2,lgbm_pixels,30000,clean,0.10308129291425858,0.08151843505805959,0.08146075807944521,0.07397117985971666,-0.0005289405807096282,-0.002605376974392448,0.9881577995377869,5000,0.995210487278309
mh,2,lgbm_pixels,30000,bsn,0.3756637387750708,0.3140215108952061,0.31309698773679373,0.28503790257326495,-0.07544397970460638,-0.06166364686523543,0.8363817274172238,5000,0.995210487278309
mh,2,lgbm_pixels,30000,boxcar,0.7793239963203791,0.8591148259411228,0.8442587834731852,0.7985803691604774,0.7066605390090012,0.5607503705549652,-0.23338044625606535,5000,0.995210487278309
mh,2,lgbm_pixels,30000,savgol,0.7790399270570509,0.8740890458955763,0.8405528362662619,0.808535632121868,0.7231652480930577,0.5780123984503014,-0.25918688574846604,5000,0.995210487278309
mh,2,lgbm_pixels,30000,noisy,0.8323485559756574,1.2302683056079418,0.9833621229412945,0.9964275039136025,0.9438793966966196,0.8298046038094845,-0.7649710481264733,5000,0.995210487278309
rv,0,lgbm_pixels,1000,clean,36.664307801194816,12.382823845000908,12.331651916908175,17.191845797606653,0.07019578403449354,0.3392967109976439,0.9800183632841619,5000,0.9996708219165942
rv,0,lgbm_pixels,1000,bsn,84.74028971637745,26.625605058791425,26.31519187536379,43.653897179325135,4.4572853749482055,1.016701991094877,0.89296587183895,5000,0.9996708219165942
rv,0,lgbm_pixels,1000,boxcar,116.42576062562117,65.85975944212998,64.97522359758919,76.34735742355195,-0.737923774730128,-6.588447193134336,0.7985078641222036,5000,0.9996708219165942
rv,0,lgbm_pixels,1000,savgol,119.84310873568043,69.14977151672107,66.5339325636935,78.96195297632534,0.1886846705245037,-6.014310002837689,0.7865138548875397,5000,0.9996708219165942
rv,0,lgbm_pixels,1000,noisy,151.03401287186978,134.54937005234038,134.79140116928295,116.00143915039806,7.943511936603212,-3.086544833869567,0.6599900124972025,5000,0.9996708219165942
rv,0,lgbm_pixels,3000,clean,23.551663733000087,5.6363658545961055,5.661549888968522,8.959231093269386,-0.12979742922287532,0.1521524629809079,0.9917548443034834,5000,0.9998077482051215
rv,0,lgbm_pixels,3000,bsn,79.36929965823359,18.00916283571669,17.96978656625323,38.08854064621115,3.7791588880948193,0.8824317861861388,0.9061506886119214,5000,0.9998077482051215
rv,0,lgbm_pixels,3000,boxcar,111.57338673248856,55.402348812237726,54.809424882655605,69.9244478657163,-1.1362912944437755,-5.645752647699645,0.8149416180022336,5000,0.9998077482051215
rv,0,lgbm_pixels,3000,savgol,114.38949801037235,56.60801976524737,55.30518239480363,71.54086269040997,-0.732969342161684,-5.822444819724964,0.805494168834812,5000,0.9998077482051215
rv,0,lgbm_pixels,3000,noisy,147.93777813950769,127.17960112076167,127.88095484731218,112.16749934771757,-9.844648888795437,-12.633706745360163,0.6732469622607393,5000,0.9998077482051215
rv,0,lgbm_pixels,10000,clean,11.359541322707384,4.071242563179739,4.037395502860208,5.091355126944742,0.24011075989397232,0.15983782862881357,0.9980810746848592,5000,0.9998083935579825
rv,0,lgbm_pixels,10000,bsn,80.07021676937926,17.304034677155634,17.260120280207797,37.71361285497411,2.7630345829527108,0.1995487106842413,0.904588365578094,5000,0.9998083935579825
rv,0,lgbm_pixels,10000,boxcar,109.21049281573269,50.656157668770646,50.0091950807049,67.10053064943777,-0.00979673192227492,-5.218065760852511,0.8227153134818078,5000,0.9998083935579825
rv,0,lgbm_pixels,10000,savgol,113.26440946632333,51.90531066977494,51.17417187384841,69.10012823518076,1.1833833005501555,-4.808491616804119,0.8092885265256863,5000,0.9998083935579825
rv,0,lgbm_pixels,10000,noisy,143.4019002977239,122.03457424478867,120.03445476544411,108.11145404481901,-1.031700264158031,-8.461776516760423,0.694314542696433,5000,0.9998083935579825
rv,0,lgbm_pixels,30000,clean,7.414902023314479,3.622012386738397,3.6332748683788036,3.9077562731941122,0.0742397145152893,0.07197074689867122,0.9991826711030748,5000,0.9997809475157089
rv,0,lgbm_pixels,30000,bsn,78.68917498984572,16.968141004498666,16.903779856525507,36.58987959934368,1.2766492320485021,0.35048306103723803,0.9079366510503568,5000,0.9997809475157089
rv,0,lgbm_pixels,30000,boxcar,106.78320360124039,50.28614529375766,49.81272440011507,65.87944682064229,-4.2707382065257375,-4.336758335149796,0.8302372105447562,5000,0.9997809475157089
rv,0,lgbm_pixels,30000,savgol,109.84068420518182,52.815822814057796,52.40673241424992,67.61554214581857,-3.4905836340578964,-4.41700098121504,0.8204822859554393,5000,0.9997809475157089
rv,0,lgbm_pixels,30000,noisy,143.65803946552472,126.63244878328345,124.81388596159367,109.61482939414661,-7.315036116240949,-8.850838870039183,0.6924420560706404,5000,0.9997809475157089
mh,1,lgbm_pixels,1000,clean,0.2364412556662904,0.17579803415642128,0.17245630287098887,0.16782939727026625,-0.02826438684995069,-0.021622636464537437,0.9355017671371697,5000,0.999653845449814
mh,1,lgbm_pixels,1000,bsn,0.3952665679044051,0.3494155021562649,0.35049184890758744,0.30619793138017043,-0.08242613467855409,-0.06721086298467033,0.8145589170929344,5000,0.999653845449814
mh,1,lgbm_pixels,1000,boxcar,0.7771986827425368,0.8469979790949725,0.886522820875597,0.7377319581585192,0.5402787559031613,0.44093811292704843,-0.019101776250680214,5000,0.999653845449814
mh,1,lgbm_pixels,1000,savgol,0.7809528389876508,0.8458962405162513,0.8993226012534374,0.7454086378128528,0.5495447710930405,0.44527659003607284,-0.03724196159252058,5000,0.999653845449814
mh,1,lgbm_pixels,1000,noisy,0.8447390817993751,1.0115289303908914,1.0358300362364448,0.862559825498327,0.677870990396025,0.6044158790084392,-0.33435586319554944,5000,0.999653845449814
mh,1,lgbm_pixels,3000,clean,0.17425165090527342,0.12727518863690815,0.12731642311765473,0.12168380466848716,-0.011291332714349924,-0.009148437879701543,0.9653173158358024,5000,0.9994619460362831
mh,1,lgbm_pixels,3000,bsn,0.384839830971314,0.33667894333196885,0.3313993180185204,0.2964641793770346,-0.08277828652880834,-0.07105321619959798,0.8237448658154178,5000,0.9994619460362831
mh,1,lgbm_pixels,3000,boxcar,0.7551743505922698,0.7849839530808607,0.8493627021017098,0.7253676602906045,0.5659398933237356,0.450763721472762,-0.013001918176527072,5000,0.9994619460362831
mh,1,lgbm_pixels,3000,savgol,0.7541423368052577,0.7948596096745981,0.8407315237385209,0.7290339425512063,0.5749723351453073,0.454224133979524,-0.02295201845197692,5000,0.9994619460362831
mh,1,lgbm_pixels,3000,noisy,0.8174888230071532,0.9683679995484155,0.9794992422807561,0.8479796997992882,0.6952151976445999,0.614003285390132,-0.30992185914860215,5000,0.9994619460362831
mh,1,lgbm_pixels,10000,clean,0.1279389400825596,0.0972982137289778,0.09658096881151874,0.08915081506110357,-0.005595023061994038,-0.005418450535625452,0.9813458940873414,5000,0.9976209397558183
mh,1,lgbm_pixels,10000,bsn,0.3776748214957884,0.3249370005180344,0.3125678771057545,0.28900875146154265,-0.08819908843315813,-0.06988380833379358,0.8289050916131186,5000,0.9976209397558183
mh,1,lgbm_pixels,10000,boxcar,0.7675740617525969,0.8446759916170162,0.8525918480346727,0.7700475354645727,0.6545747370692032,0.5272862770565758,-0.15753059707209616,5000,0.9976209397558183
mh,1,lgbm_pixels,10000,savgol,0.7676464441403593,0.8284232400021487,0.8372589510888819,0.7755004173969771,0.6661113692520988,0.5252791491639974,-0.17498776380856595,5000,0.9976209397558183
mh,1,lgbm_pixels,10000,noisy,0.8239651827062842,1.1354755626708548,0.9844379878501461,0.9383045709980732,0.8531950709272403,0.7627338829820354,-0.6002586141293911,5000,0.9976209397558183
mh,1,lgbm_pixels,30000,clean,0.1027479641520973,0.08248936836008025,0.0827904917249236,0.07314371052513997,-0.0026949897210209813,-0.0030941394860861393,0.9879833259512568,5000,0.9951764778549728
mh,1,lgbm_pixels,30000,bsn,0.37646551524642174,0.31312426965718543,0.30619132949234956,0.28574253843124964,-0.08610881014203357,-0.0697013267468377,0.8303568858538323,5000,0.9951764778549728
mh,1,lgbm_pixels,30000,boxcar,0.7723849956211624,0.8743013392588875,0.8495577637559542,0.7935153832211416,0.6955315555456119,0.5695648611932671,-0.2288551804599408,5000,0.9951764778549728
mh,1,lgbm_pixels,30000,savgol,0.7719762399788176,0.8866044265622666,0.8409342868259913,0.8016508529367946,0.7108894860313251,0.5769186125643168,-0.25270611966219203,5000,0.9951764778549728
mh,1,lgbm_pixels,30000,noisy,0.8238835475474039,1.2164295904902163,0.985954206537851,0.9850698254820806,0.9271716723112168,0.8199583605592464,-0.7499163570040559,5000,0.9951764778549728
mh,3,lgbm_pixels,1000,clean,0.23652204819063652,0.1738481231974288,0.17168901317664145,0.16686655351542068,-0.029090723807175856,-0.025119697490507784,0.9356186882415441,5000,0.9995795364128126
mh,3,lgbm_pixels,1000,bsn,0.3933015355791531,0.35017856647975204,0.34535121668926405,0.3051628333102937,-0.09010802545529999,-0.07615317856746262,0.8154282614681752,5000,0.9995795364128126
mh,3,lgbm_pixels,1000,boxcar,0.7817759516842572,0.7973132018240772,0.8701485702663388,0.7318431970674754,0.534640991236306,0.41125259072352116,-0.01694042490645109,5000,0.9995795364128126
mh,3,lgbm_pixels,1000,savgol,0.7817582049162569,0.8188059963527446,0.8742011040718122,0.7365439032552109,0.5403452001895713,0.42868346529881607,-0.02386071995622996,5000,0.9995795364128126
mh,3,lgbm_pixels,1000,noisy,0.8452648062713994,0.9533255623311893,1.0171887385957268,0.8467868830548448,0.6587010066951295,0.5720759684935928,-0.3018888120944523,5000,0.9995795364128126
mh,3,lgbm_pixels,3000,clean,0.18467674394440906,0.12877327317645335,0.12786223060223903,0.1262656125305879,-0.018149954820874295,-0.012720929527446523,0.9609613247074206,5000,0.9996269480321779
mh,3,lgbm_pixels,3000,bsn,0.3784906102480157,0.3315491739388814,0.3235791971795927,0.29085989552539715,-0.08302720191195037,-0.06931457026316934,0.8297773128958743,5000,0.9996269480321779
mh,3,lgbm_pixels,3000,boxcar,0.7824836330000983,0.8167153079156555,0.8632772235724318,0.7613772092347397,0.6108742353536478,0.4808293585404892,-0.1171968027963246,5000,0.9996269480321779
mh,3,lgbm_pixels,3000,savgol,0.7819838222377737,0.8179047815255669,0.8634440305749439,0.7654638871527137,0.6202105490665037,0.48644323542467593,-0.12934077362451823,5000,0.9996269480321779
mh,3,lgbm_pixels,3000,noisy,0.842289390056498,1.0533836375578636,1.0267001644014107,0.8965006497385031,0.7646973097597851,0.6845839222026617,-0.46724242353162326,5000,0.9996269480321779
mh,3,lgbm_pixels,10000,clean,0.12679430964983926,0.09203669581783831,0.09183290921872352,0.08776779180562848,-0.0073213937381072965,-0.005658695742284114,0.9817130567583163,5000,0.9977103521785669
mh,3,lgbm_pixels,10000,bsn,0.3689407993596891,0.3094751903541636,0.3008990064146607,0.2810417418644568,-0.08299937918905412,-0.06592992218903557,0.8378746658265398,5000,0.9977103521785669
mh,3,lgbm_pixels,10000,boxcar,0.7855789618132074,0.8600915338008134,0.8567462156453599,0.8021379576346835,0.6999728308731118,0.5568288010933344,-0.25510879655188323,5000,0.9977103521785669
mh,3,lgbm_pixels,10000,savgol,0.784338496933091,0.86649687958279,0.8468520650564907,0.80860296765717,0.7125545741738811,0.5664660206649563,-0.2730490900435516,5000,0.9977103521785669
mh,3,lgbm_pixels,10000,noisy,0.8388808286043647,1.2391769485472885,1.0109528213756402,0.9829454590699559,0.915866057839746,0.8352240546500407,-0.7487594665557438,5000,0.9977103521785669
mh,3,lgbm_pixels,30000,clean,0.10064493528768485,0.07793339751965865,0.07736082497905702,0.07182880879331274,-0.0029882855066515838,-0.002471248190148434,0.9885062292272779,5000,0.9951640702219486
mh,3,lgbm_pixels,30000,bsn,0.36906267901553547,0.3015918389767701,0.2957158584271741,0.27955049910897267,-0.08253209603733035,-0.06684552969369939,0.837860384065918,5000,0.9951640702219486
mh,3,lgbm_pixels,30000,boxcar,0.7779110485995423,0.8324320245705706,0.8240001299252744,0.7917155334808357,0.6994626006103836,0.5429773798093828,-0.2407077718347106,5000,0.9951640702219486
mh,3,lgbm_pixels,30000,savgol,0.7782205262220043,0.8519434290842816,0.830756359210319,0.7988602787648186,0.7116141902561703,0.557381753056424,-0.26069300538926155,5000,0.9951640702219486
mh,3,lgbm_pixels,30000,noisy,0.8305812844612664,1.2567900022031915,0.980672380736266,1.000532358403504,0.9515186177241434,0.8470635828965556,-0.808529272414557,5000,0.9951640702219486
mh,4,lgbm_pixels,1000,clean,0.24707932867520643,0.17605792381106353,0.17362018831323117,0.17177138747041248,-0.027813307369372,-0.017247039885008322,0.9296956512724908,5000,0.9996190233607565
mh,4,lgbm_pixels,1000,bsn,0.4009524708935538,0.3426592074712246,0.34428610442176955,0.3059889079088168,-0.08498980607309227,-0.06260264103799523,0.8089644466305487,5000,0.9996190233607565
mh,4,lgbm_pixels,1000,boxcar,0.7975510294913721,0.8744487166978862,0.9001090816378542,0.7781166838490642,0.6078056178482171,0.5040883991104652,-0.1434822047951767,5000,0.9996190233607565
mh,4,lgbm_pixels,1000,savgol,0.801243733386483,0.8745984434894587,0.9002032798935095,0.7833994543349935,0.6141608834042738,0.5079235176971195,-0.15902763677575638,5000,0.9996190233607565
mh,4,lgbm_pixels,1000,noisy,0.8563689863232069,1.0680586805980516,1.0448000399947242,0.8926992835481072,0.7248762380535005,0.6563288182550637,-0.43153535685564126,5000,0.9996190233607565
mh,4,lgbm_pixels,3000,clean,0.17748411887666748,0.13184029859215324,0.13155567517214137,0.1254332497825364,-0.006806355629311841,-0.005432488631075649,0.96412450134766,5000,0.9996149453988309
mh,4,lgbm_pixels,3000,bsn,0.38067565128538416,0.322800572461838,0.32522022034007575,0.2890051509386544,-0.06062832555575207,-0.045730011730748116,0.83102223577046,5000,0.9996149453988309
mh,4,lgbm_pixels,3000,boxcar,0.7771707713179541,0.8307157062400623,0.8732009033504285,0.7713601040661411,0.6337474253263987,0.5115624870795452,-0.1436128624703763,5000,0.9996149453988309
mh,4,lgbm_pixels,3000,savgol,0.7773015889775683,0.8452033512677735,0.8771654440603484,0.7778957893629044,0.644129058764468,0.5221014060403677,-0.1589308528888418,5000,0.9996149453988309
mh,4,lgbm_pixels,3000,noisy,0.8363095640961405,1.0586791755395075,1.0116890043467988,0.8909199200378316,0.754350757105062,0.6809440551948107,-0.4425041472060409,5000,0.9996149453988309
mh,4,lgbm_pixels,10000,clean,0.12664469741639112,0.09531191088500159,0.09511619184127802,0.08962085446459005,-0.005585410549390723,-0.006604878749804782,0.9817249464951868,5000,0.997672243149888
mh,4,lgbm_pixels,10000,bsn,0.3757562663447348,0.31040742903668095,0.3084387423783802,0.2833276239408384,-0.0758670009403119,-0.05224604968520852,0.8328885929871763,5000,0.997672243149888
mh,4,lgbm_pixels,10000,boxcar,0.779322860480609,0.8707179852535946,0.840160295242377,0.7995252683071061,0.6993020797016379,0.5528133949737342,-0.24680025395258154,5000,0.997672243149888
mh,4,lgbm_pixels,10000,savgol,0.781971581598275,0.8887242928788989,0.8593560468101927,0.8080007010534446,0.7130573706662525,0.5718502419481399,-0.27359616433552514,5000,0.997672243149888
mh,4,lgbm_pixels,10000,noisy,0.8351486027418858,1.2266450259154984,1.009514804789996,0.9778416504071321,0.905689225437319,0.8259340480386745,-0.7259963161586505,5000,0.997672243149888
mh,4,lgbm_pixels,30000,clean,0.10308924509694561,0.08066931714962325,0.08054787915556962,0.07373250648461367,-0.0029860901652527657,-0.0017170884289319371,0.9879042814004007,5000,0.9952405239093117
mh,4,lgbm_pixels,30000,bsn,0.3753280946584878,0.3029190831382052,0.3057283411400182,0.28251724494248076,-0.08073718973369111,-0.055484657321916875,0.8323869708285516,5000,0.9952405239093117
mh,4,lgbm_pixels,30000,boxcar,0.7712123431714862,0.858784984324778,0.8247213143261913,0.7940408422148771,0.699935223953769,0.5532309668482717,-0.2335065818647224,5000,0.9952405239093117
mh,4,lgbm_pixels,30000,savgol,0.7714772438216114,0.8645894345358753,0.828390895558222,0.8031071425516426,0.7160957517479941,0.5648590930387302,-0.2599950118577299,5000,0.9952405239093117
mh,4,lgbm_pixels,30000,noisy,0.8265137959000478,1.251604633954356,0.9703305137645228,0.9926583189214718,0.9339711060432192,0.8441957601202996,-0.7688474402478727,5000,0.9952405239093117
rv,3,lgbm_pixels,1000,clean,37.794676447808556,13.466206154622249,13.4762538630218,17.69205657136777,1.3866731691516252,-0.21871564823904066,0.9788805297196809,5000,0.9995047942620356
rv,3,lgbm_pixels,1000,bsn,88.65307529760457,27.382131287312955,27.47272736709443,45.01266742982179,4.057576625492473,-0.4368955482641468,0.8837122520010752,5000,0.9995047942620356
rv,3,lgbm_pixels,1000,boxcar,114.72515875642392,63.82981705196962,62.399890606027185,73.86142652087423,1.3254879556294905,-7.153980882722401,0.8056373388590365,5000,0.9995047942620356
rv,3,lgbm_pixels,1000,savgol,117.41285322512933,65.52076450354258,64.87322800025784,75.79215685292597,1.754145346359576,-6.389500370816727,0.7964056402010715,5000,0.9995047942620356
rv,3,lgbm_pixels,1000,noisy,149.40118876703377,133.00257132056683,131.17796569224723,114.34606848515722,-0.9138752893276229,-10.438300411773941,0.6704192106150602,5000,0.9995047942620356
rv,3,lgbm_pixels,3000,clean,23.082827428799796,5.919439693352158,5.900737528993009,9.346326410593809,-0.27550543526233,0.052577401431889825,0.9921317634706345,5000,0.999781162293579
rv,3,lgbm_pixels,3000,bsn,78.96001893894477,17.196857057091876,17.18502741425678,37.63663221029771,-1.1494877673826271,-0.6239314069324551,0.9079245071665751,5000,0.999781162293579
rv,3,lgbm_pixels,3000,boxcar,108.69264460990352,57.704226210204546,57.39289428613914,69.11062294503337,-2.996517366354947,-4.518706695314691,0.8254307288593123,5000,0.999781162293579
rv,3,lgbm_pixels,3000,savgol,110.8263370791303,57.46567115320291,57.84296809732442,70.49427735202414,-2.1568243486966487,-3.7323808109458554,0.8185788366663869,5000,0.999781162293579
rv,3,lgbm_pixels,3000,noisy,142.2911155007409,124.65936520117435,124.00692027516884,109.1701518310995,-10.339090100335312,-7.24943166313842,0.6994754096977218,5000,0.999781162293579
rv,3,lgbm_pixels,10000,clean,13.43170910907867,4.192933153313039,4.184155581459722,5.65150554517283,0.12544680648847406,0.1100009722220534,0.9973359769986816,5000,0.9998232463502472
rv,3,lgbm_pixels,10000,bsn,77.24660500089848,17.299667769970547,17.31541431707075,36.51403055703379,-1.2837547041023847,-0.20795379373412004,0.9118715226321145,5000,0.9998232463502472
rv,3,lgbm_pixels,10000,boxcar,105.21263090325955,52.20474446664802,52.256908591881384,65.1521499723288,-4.294016945042496,-4.194782451384782,0.8362821287983753,5000,0.9998232463502472
rv,3,lgbm_pixels,10000,savgol,107.67317498784604,53.355494209582616,52.7325762790396,66.48912638231317,-3.2427223558217126,-3.4136683984024074,0.8286649180587042,5000,0.9998232463502472
rv,3,lgbm_pixels,10000,noisy,138.4942916929439,117.08221783467675,115.96048364837384,104.83939879828591,-8.171178515032015,-7.549788756382938,0.7158089213904721,5000,0.9998232463502472
rv,3,lgbm_pixels,30000,clean,8.71447861682789,3.7472805110420255,3.757638794224437,4.180696092751516,0.04296708001702939,-0.040145054092761256,0.9988786765395105,5000,0.9997580103929872
rv,3,lgbm_pixels,30000,bsn,76.57164553754124,16.434525371191732,16.52075629298234,35.9360748488917,-1.5385231555778207,-0.18938531314003626,0.9133938388060963,5000,0.9997580103929872
rv,3,lgbm_pixels,30000,boxcar,101.89553325455448,52.58687452492449,51.97474768706001,64.38480104778672,-5.972506832502153,-4.483536530950133,0.8461713130281812,5000,0.9997580103929872
rv,3,lgbm_pixels,30000,savgol,104.0286239569958,53.475777492523456,53.73707098645598,66.05531347447715,-5.136561410980229,-4.17466182513391,0.839822770951927,5000,0.9997580103929872
rv,3,lgbm_pixels,30000,noisy,138.88435363906314,126.88502976047079,125.75476180939866,107.64890495003955,-6.289358266759671,-6.046736747044216,0.7146132002410236,5000,0.9997580103929872
rv,1,lgbm_pixels,1000,clean,33.388716329438985,12.413103343216108,12.32618301809302,16.647622109091564,-1.7171756715334374,-0.4252257871779648,0.9834047571190888,5000,0.9996240719372071
rv,1,lgbm_pixels,1000,bsn,79.10505858135225,26.253610844931828,26.27278998698,41.59142675346124,-0.759579336263698,-0.1957789600252795,0.907085067004332,5000,0.9996240719372071
rv,1,lgbm_pixels,1000,boxcar,107.66758015375503,63.47614150160684,62.92703477357983,72.405898886067,-7.415863212162131,-6.971765833257235,0.8270731891905774,5000,0.9996240719372071
rv,1,lgbm_pixels,1000,savgol,110.1832055366901,66.53536123731121,65.88417129332073,74.75841823243263,-7.41547017934107,-6.30428272037525,0.8189366926595784,5000,0.9996240719372071
rv,1,lgbm_pixels,1000,noisy,145.53748394950497,141.19533058071295,139.85826052491566,114.31024522359897,-12.609301818376641,-9.157861139412846,0.6831640100910643,5000,0.9996240719372071
rv,1,lgbm_pixels,3000,clean,23.00763409305287,5.808591052793595,5.787920020318585,8.850583948693297,-0.05211922682031768,-0.12966084952535084,0.9921407135730046,5000,0.9998263683231063
rv,1,lgbm_pixels,3000,bsn,75.58993054687068,17.789341554757492,17.810817639634433,36.39774566142755,-1.138289785697297,0.04389559486970995,0.9151477566218659,5000,0.9998263683231063
rv,1,lgbm_pixels,3000,boxcar,109.67441846531544,54.46640598911632,53.33464668377847,68.94957078038927,-3.1988214443977396,-5.689602786095136,0.8212619826897662,5000,0.9998263683231063
rv,1,lgbm_pixels,3000,savgol,111.340912340467,54.15117958173263,52.59907419046694,69.99589011640204,-3.653165478686875,-6.302758234885584,0.8157473264001126,5000,0.9998263683231063
rv,1,lgbm_pixels,3000,noisy,146.6942593327585,128.75010867943567,128.87545063106555,111.86697116290438,-12.62981344708779,-10.589638711226169,0.6781373678659235,5000,0.9998263683231063
rv,1,lgbm_pixels,10000,clean,12.859387752889768,4.471269657225646,4.470797349798914,5.733756289494538,-0.086613086333031,-0.06333585820971166,0.9975447413500266,5000,0.9997893342689909
rv,1,lgbm_pixels,10000,bsn,74.53368690954916,17.13190917777943,17.148417879216332,35.52496482095697,-1.4674114529716584,0.2914224100178888,0.9174892605061454,5000,0.9997893342689909
rv,1,lgbm_pixels,10000,boxcar,106.34396305132219,52.566572766490545,53.00036405220849,66.15944105031845,0.2547241492308016,-3.4915848104615748,0.832094416726143,5000,0.9997893342689909
rv,1,lgbm_pixels,10000,savgol,108.76250133682309,51.67377241218178,51.850823073843785,66.9965291678766,0.8046781115231579,-2.7607291505678972,0.8243617465050106,5000,0.9997893342689909
rv,1,lgbm_pixels,10000,noisy,141.16963998916526,120.21075983212873,120.47401605805412,107.19730307058668,-3.5008587380487044,-7.917586588114361,0.7039353319111077,5000,0.9997893342689909
rv,1,lgbm_pixels,30000,clean,8.09474929637685,3.692175353889094,3.686817893047059,4.04534307158342,-0.04375990006836006,-0.004266858850982658,0.9990271263035465,5000,0.9997728600202535
rv,1,lgbm_pixels,30000,bsn,73.26148016713857,16.704161090511917,16.680335331657464,34.696117435370525,-2.281846373413734,0.13129104944653136,0.9202355359101898,5000,0.9997728600202535
rv,1,lgbm_pixels,30000,boxcar,102.35151617741369,51.239933933783625,50.39732231045296,64.29456414846551,-4.95606867338355,-3.9633921535963452,0.8441012544187759,5000,0.9997728600202535
rv,1,lgbm_pixels,30000,savgol,104.08085052913832,49.802214259066645,50.71259308479434,65.27065091586627,-5.107374788886755,-4.733772148021501,0.8387784296685998,5000,0.9997728600202535
rv,1,lgbm_pixels,30000,noisy,140.51112988043621,126.63507573029074,125.80818548221256,108.16189527514832,-10.87069417215251,-10.327255795040575,0.705116757214842,5000,0.9997728600202535
rv,4,lgbm_pixels,1000,clean,35.81633369569211,12.888643547572801,12.936346672205378,17.204395985578728,0.9943462837792935,-0.10950139821363081,0.9806761040492288,5000,0.9993124317007921
rv,4,lgbm_pixels,1000,bsn,81.31750611935857,25.0844193516962,25.181582141132726,42.24927152182617,1.8786697271738042,-0.492928962144644,0.9004141409422166,5000,0.9993124317007921
rv,4,lgbm_pixels,1000,boxcar,112.35523482412528,68.73045967164323,68.59995954899948,76.66177543862068,4.618378226275161,-1.8833314125722325,0.809665447903787,5000,0.9993124317007921
rv,4,lgbm_pixels,1000,savgol,114.67159113695892,71.35797583024029,71.25300256666398,78.48606831362237,5.012717279018399,-0.4797408172907789,0.80169274433615,5000,0.9993124317007921
rv,4,lgbm_pixels,1000,noisy,146.26156523585257,139.09348484421378,140.0750677307977,115.23115521082549,16.116828644394765,10.763788593008357,0.6740884030014456,5000,0.9993124317007921
rv,4,lgbm_pixels,3000,clean,19.965458266187195,5.70551758801404,5.714750036079936,8.482079239903381,-0.5717646365154775,-0.13606342188165854,0.9939950081219903,5000,0.999766091998094
rv,4,lgbm_pixels,3000,bsn,74.66275646565279,18.038853183006434,18.078264673656022,36.624691071918804,0.42644414286403554,-0.2795135818731609,0.9160887794041238,5000,0.999766091998094
rv,4,lgbm_pixels,3000,boxcar,111.0335507248971,61.378571681774055,60.44664375998784,73.04135669003927,-3.7487457129277564,-6.26413221687298,0.8142191031537677,5000,0.999766091998094
rv,4,lgbm_pixels,3000,savgol,113.28675455848544,64.59099786027635,63.571422779967094,74.85509143731176,-3.395644990275026,-5.632665735411962,0.8066491381146903,5000,0.999766091998094
rv,4,lgbm_pixels,3000,noisy,147.977136015775,133.6788950716007,132.28636011278252,114.24969106835793,-9.732316477348874,-8.521044843641018,0.6689743961352752,5000,0.999766091998094
rv,4,lgbm_pixels,10000,clean,11.34049785022095,4.240958481452336,4.256960068972859,5.273854410547228,-0.1951266357949908,0.030413934521419606,0.9980636198230063,5000,0.9997229819472692
rv,4,lgbm_pixels,10000,bsn,72.94715584288069,16.18472896354562,16.14697950903766,34.6305756132076,-0.5791083055420456,0.21677103302805278,0.9198982638415543,5000,0.9997229819472692
rv,4,lgbm_pixels,10000,boxcar,107.63303413104238,51.60549886296091,51.08085384018703,66.09687943960645,-0.3665846299989469,-4.605176903287031,0.8256210590575214,5000,0.9997229819472692
rv,4,lgbm_pixels,10000,savgol,110.25281775189234,53.457784851210626,53.31948017216673,68.18179532005468,-0.5551007178521784,-4.480346066924362,0.8170264829452036,5000,0.9997229819472692
rv,4,lgbm_pixels,10000,noisy,143.37941546864477,119.53541269542455,117.77192001722494,108.03325172356631,-4.2411193789668795,-7.556602348679718,0.6902928253056692,5000,0.9997229819472692
rv,4,lgbm_pixels,30000,clean,7.4523257482809395,3.716882114357949,3.713173430913276,3.9857556686356213,-0.24281385697897168,0.013989650176483792,0.999163160257822,5000,0.9997550197701107
rv,4,lgbm_pixels,30000,bsn,71.85401245886571,16.316082116069868,16.302438158484115,34.13471727328962,-1.5487899202764015,-0.02433947931284486,0.9222497829873216,5000,0.9997550197701107
rv,4,lgbm_pixels,30000,boxcar,102.46910036415709,51.266695466348,50.17126369113225,64.29876038322489,-4.995448497787957,-4.7192513400923986,0.8415783198659808,5000,0.9997550197701107
rv,4,lgbm_pixels,30000,savgol,104.47874928094565,51.51339307204396,50.967029982350695,66.05393451034816,-4.999591896174925,-4.477082738548013,0.8353176300545949,5000,0.9997550197701107
rv,4,lgbm_pixels,30000,noisy,139.97915074512528,124.56825838003326,122.68946539951638,106.94596986124837,-7.9003103266707475,-9.083279463658492,0.7041267270430802,5000,0.9997550197701107
rv,2,lgbm_pixels,1000,clean,34.996463984796584,12.365395588010193,12.35892741915179,16.886037011128128,1.1202257826623911,0.26577867951522194,0.9815283539729401,5000,0.9992204237780948
rv,2,lgbm_pixels,1000,bsn,81.85089703277879,27.636634653880055,27.45164230148979,43.408971110519936,3.5476507601524268,-0.5169034153463485,0.8988712835860991,5000,0.9992204237780948
rv,2,lgbm_pixels,1000,boxcar,110.47359596061389,62.237952862042725,61.91732305169452,71.59567306420453,3.0044282173028134,-3.182288672532266,0.8159861206538818,5000,0.9992204237780948
rv,2,lgbm_pixels,1000,savgol,112.30823550889217,63.688349276786525,62.93855822994643,72.58008705828675,3.4649785967925126,-3.2058232088478285,0.8097831827792337,5000,0.9992204237780948
rv,2,lgbm_pixels,1000,noisy,143.5236727826412,128.35351831480932,127.87863163600791,109.84401286605767,6.513195523340604,-2.073393775987679,0.6890052531248809,5000,0.9992204237780948
rv,2,lgbm_pixels,3000,clean,23.441214874572033,5.92678242928743,5.942140688669714,9.316698955695559,0.07321434495732324,0.06894912517911678,0.9917210172952193,5000,0.9996824906497177
rv,2,lgbm_pixels,3000,bsn,77.74888141676068,18.549258912043502,18.60977878178299,38.203491815126,1.179814535416049,-0.3268910259539366,0.9089036869852269,5000,0.9996824906497177
rv,2,lgbm_pixels,3000,boxcar,108.58006344729971,54.85528079086246,55.001671464475336,68.10104688093213,1.5650353144155826,-3.7465194077788517,0.8223345803697472,5000,0.9996824906497177
rv,2,lgbm_pixels,3000,savgol,111.64106121211245,55.05301692685617,55.10953212349894,69.57848598017256,1.7307820940440843,-3.6235526982276696,0.8121700739434475,5000,0.9996824906497177
rv,2,lgbm_pixels,3000,noisy,144.09019519466494,124.37227793759568,122.70587219387586,109.18425520090152,-1.4915157513356636,-5.620382515452628,0.6871559511003806,5000,0.9996824906497177
rv,2,lgbm_pixels,10000,clean,12.985483039546967,4.0444399762429075,4.0464096734781645,5.460849366251032,-0.17822851950747687,0.00749699392864045,0.9974589656786529,5000,0.999821997597262
rv,2,lgbm_pixels,10000,bsn,76.12935211201659,17.633796397270523,17.719844264739827,37.02355689468215,0.843934098249266,-0.3783235802736087,0.9126686565019884,5000,0.999821997597262
rv,2,lgbm_pixels,10000,boxcar,106.23244184748526,53.930323118641326,52.57211784653591,66.4833744452569,-3.752650127639978,-5.877405388463657,0.8297573263101512,5000,0.999821997597262
rv,2,lgbm_pixels,10000,savgol,109.4250303144133,53.24004626764657,51.993020367722394,67.7320446962398,-3.0340814669203673,-4.5518287730765294,0.819457429496775,5000,0.999821997597262
rv,2,lgbm_pixels,10000,noisy,141.78580083961782,122.15302226791039,120.70303283928317,107.05679801925237,-5.878469344254643,-8.15787473930958,0.6965942008934418,5000,0.999821997597262
rv,2,lgbm_pixels,30000,clean,8.822491838456383,3.7044720796408974,3.698057081666871,4.1302942850397155,-0.05713879059076426,-0.06516753095438332,0.9988272289045304,5000,0.9997564290729772
rv,2,lgbm_pixels,30000,bsn,73.81843736621207,17.574602811064686,17.49280528500272,35.28903355785463,-0.4551737471124532,-0.2807308636038357,0.9178970590082001,5000,0.9997564290729772
rv,2,lgbm_pixels,30000,boxcar,100.14401049356088,50.26432367846715,49.612923054452835,62.70795400379584,-4.693110607551912,-4.481593676666032,0.8485688510097826,5000,0.9997564290729772
rv,2,lgbm_pixels,30000,savgol,102.12952218828525,49.70180965694769,49.24573849412157,63.88119381110328,-3.956152289806382,-3.929834657364367,0.8426139308212706,5000,0.9997564290729772
rv,2,lgbm_pixels,30000,noisy,136.9011092371372,121.66964651687387,121.68408229515374,104.88189821399166,-4.914883074919489,-6.246686442966994,0.7172609242117989,5000,0.9997564290729772
